THE GREAT IMPERSONATOR Y2K CD (Signed),False
THE GREAT IMPERSONATOR 90'S CD (Signed),False
THE GREAT IMPERSONATOR 80'S CD (Signed),False
THE GREAT IMPERSONATOR 70'S CD (Signed),False
THE GREAT IMPERSONATOR STANDARD VINYL (SIGNED INSERT),False
THE GREAT IMPERSONATOR Y2K VINYL,True
THE GREAT IMPERSONATOR 90'S VINYL,True
THE GREAT IMPERSONATOR 80'S VINYL,True
THE GREAT IMPERSONATOR 70'S VINYL,True
THE GREAT IMPERSONATOR DIGITAL DOWNLOAD,True
THE GREAT IMPERSONATOR CD,True
THE GREAT IMPERSONATOR STANDARD VINYL,True
